Quel champignon n-existe pas ? ,A Le bolet de celeri ,B La trompette-de-la-mort ,C La barbe-de-bouc ,a
L-art de cultiver les bonsaïs (ou arbres nains) est originaire : ,A d-Afrique ,B d-Indonesie ,C du Japon ,b
Comment appelle-t-on une grande pierre dressee ? ,A Un menhir ,B Un grohir ,C Un lourhir ,c
Qu-est-ce qui doit arriver sur le stigmate pour que la fleur se reproduise ? ,A Le pollen ,B L-amidon ,C La farine ,a
D-un iceberg flottant dans les regions polaires on ne voit en fait : ,A qu-un cinquieme ,B qu-un tiers ,C que la moitie ,b
Combien de kilos de raisin faut-il pour faire 50 litres de vin ? ,A 100 kg ,B 50 kg ,C 250 kg ,c
Le baobab est un des plus grands arbres du monde. Cet arbre est aussi appele : ,A arbre-mammouth ,B arbre a pain de singe ,C arbre geant ,a
Lorsqu-un volcan se dechaine on parle : ,A d-erosion ,B d-eruption ,C d-equation ,b
Qu-est-ce qu-une meteorite ? ,A Une pierre dans l-espace ,B Une boule de gaz ,C Une accumulation de ,c
Les bananes poussent : ,A courbees vers le haut ,B courbees vers le bas ,C droites elles se courbent apres la 63,a
 La figue est un fruit qui peut se manger frais ou seche. La fecondation de ce fruit est rendue possible par : ,A les guêpes ,B le vent ,C les papillons ,b
Les pousses de bambou sont un regal pour : ,A le panda geant ,B le koala ,C le raton laveur ,c
Qu-est-ce qu-un jet-stream ? ,A Un vent tres puissant a haute altitude ,B Un tourbillon ,C Un avion supersonique ,a
De la quantite totale d-eau sur Terre plus de 97 % est : ,A de l-eau pure ,B de l-eau salee ,C de l-eau douce ,b
Le kiwi est un fruit mais il existe aussi un animal qui porte ce nom : ,A un papillon ,B un oiseau ,C un poisson ,c
Qu-arrive-t-il aux pierres qui restent des annees dans une riviere ? ,A Elles sont arrondies. ,B Elles sont plus dures. ,C Elles perdent leur couleur. ,a
nature ,,,,b
debut niveau 2
Comment appelle-t-on les pierres qui semblent suspendues au plafond dans les grottes ? ,A Des stalacgouttes ,B Des stalagmites ,C Des stalactites ,c
Le charbon est utilise comme combustible. Il s-est forme il y a des millions d-annees a partir de : ,A vestiges de volcans ,B restes d-arbres et de plantes ,C sable ,a
Les arbres et les plantes vertes purifient l-air grâce au processus de la photosynthese qui se deroule : ,A le jour ,B le jour et la nuit ,C la nuit ,b
Les champignons comptent plus de 50 000 especes. Combien d-especes sont comestibles ? ,A Quelques dizaines ,B Quelques centaines ,C Quelques milliers ,c
Chaque phare a une particularite qui permet aux navigateurs de savoir où il est. Laquelle ? ,A Les impulsions lumineuses ,B La hauteur ,C La couleur du phare ,a
a quoi servent les vagues ? ,A a entrainer l-eau horizontalement avec elles. ,B a melanger l-eau. ,C a faire bouger l-eau selon un mouvement circulaire ,b
L-oignon se compose d-un noyau entoure de peaux de plus en plus epaisses. On appelle ces peaux : ,A les pelures ,B les gousses ,C les robes ,c
Lors des gros ouragans le vent peut atteindre une vitesse de : ,A 1 km/h ,B 300 km/h ,C 900 km/h ,a
On cultive une herbe destinee a être transformee. Laquelle ? ,A Le thym ,B La lavande ,C La menthe ,b
Comment appelle-t-on une montagne qui crache du feu ? ,A Un volcan ,B Une meteorite ,C Une avalanche ,c
Les eponges que nous utilisons ont ete colorees mais a l-origine elles viennent de la mer. Ces eponges sont en realite : ,A des plantes ,B des animaux ,C des pierres ,a
Avant qu-une tomate devienne rouge de quelle couleur est-elle ? ,A Vert ,B Blanc ,C Brun ,b
De quelle sorte de poisson viennent les œufs appeles « caviar » ? ,A L-esturgeon ,B Le brochet ,C Le saumon ,c
En Afrique lequel des produits suivants est fabrique a base de bananes ? ,A La biere ,B Le vin ,C Le whisky ,a
Les plantes qui survivent en s-attachant a une autre plante dont elles tirent leur nourriture s-appellent : ,A des parasites ,B du plancton ,C des profiteuses ,b
Qu-est-ce qu-un geyser ? ,A Une source dont jaillit de l-eau chaude ,B Un volcan ,C Une grotte souterraine ,c
nature ,,,,a
L-ocean Pacifique est l-ocean le plus grand mais egalement le plus profond du monde. Quelle est sa profondeur maximale ? ,A 11 km ,B 7 km ,C 2 km ,b
Le bambou appartient a la famille des : ,A Graminees ,B buissons ,C arbres ,c
L-arc-en-ciel comporte 7 couleurs. Laquelle n-y est pas presente ? ,A Rouge ,B Orange ,C Noir ,a
Une grande partie de la surface terrestre est recouverte d-eau. Le plus grand de tous les oceans est : ,A L-ocean Atlantique ,B L-ocean Indien ,C L-ocean Pacifique ,b
De quelle substance sont formees les perles produites par les huitres ? ,A De nacre ,B D-opaline ,C D-ambre ,c
Qu-est-ce qu-un meandre ? ,A Une grande sinuosite d-une riviere ou d-un fleuve ,B Un ancêtre de l-homme ,C Un outil pour ebenistes ,a
Le trou de la couche d-ozone est cause par : ,A les pluies acides sur la Terre. ,B le gaz a effet de serre sur la Terre. ,C le smog sur la Terre. ,b
Quelle est la temperature de l-eau de mer a 2 000 metres de profondeur ? ,A 2 °C ,B 8 °C ,C 12 °C ,c
Comment se nomme le vent violent qui souffle souvent sur la côte du Sud de la France ? ,A Le mistral ,B Le sirocco ,C La bora ,a
Si l-on coupe l-eventail de feuilles d-un palmier : ,A On obtient des branches sur lesquelles de nouvelles feuilles repoussent. ,B Un nouvel eventail de feuilles repousse mais sans fruit. ,C Le palmier meurt. ,b
Quel autre nom donne-t-on au germe contenu dans une graine ? ,A La plantule ,B Le cotyledon ,C Le tegument ,c
Un endroit où les animaux et les plantes vivent s-appelle : ,A une succession ,B un habitat ,C une faune ,a
Qu-est-ce qui cree(nt) les vagues dans la mer ? ,A Le vent ,B Les brise-lames ,C Les bateaux ,b
Le stigmate d-une certaine variete de crocus donne : ,A du safran ,B de la cannelle ,C de l-anis ,c
Quelles sont les plantes qui n-ont pas de spores ? ,A Les anemones des bois ,B Les fougeres ,C Les champignons ,a
Le cafe vient d-une plante mais quelle partie de la plante est utilisee pour faire du cafe ? ,A Les grains de cafe ,B Les feuilles de cafe ,C La tige de cafe ,b
nature ,,,,c
Avec quoi est fait le popcorn que nous mangeons en general ? ,A Du maïs ,B Des haricots ,C Du riz ,a
Combien de volcans sont en activite a la surface de la Terre ? ,A 200 volcans ,B 300 volcans ,C 600 volcans ,b
Avec quels fruits fait-on de l-huile utilisee pour preparer des plats ? ,A Des olives ,B Des figues ,C Des dattes ,c
Si nous ouvrons le bulbe de la plante d-ail nous voyons qu-il est compose de plusieurs petites parties que l-on appelle les : ,A gousses ,B tubercules ,C clous ,a
Il existe de nombreuses varietes d-orchidees mais elles possedent toutes les mêmes caracteristiques notamment : ,A 4 petales et 4 sepales ,B les etamines et le style soude ,C l-absence de petales ,b
Que recolte-t-on a Guerande ? ,A Du riz ,B Des algues ,C Du sel ,c
Le vin est fabrique avec du raisin. Le vin rose s-obtient : ,A en utilisant du raison noir sans les peaux ,B en melangeant du raisin noir et du raisin blanc ,C en faisant fermenter les peaux en même temps que le jus de 356,a
 Le whisky est une boisson alcoolisee faite a base de : ,A baies ,B differents types de grains ,C raisin ,b
Certaines plantes aromatiques sont cultivees surtout pour leurs racines. Parmi ces plantes quelle est celle dont on n-utilise pas les racines ? ,A Le raifort ,B Le gingembre ,C La cannelle ,c
Les vents de tempête chassent le sable a travers le desert en : ,A mouvements ondoyants ,B courants verticaux ,C tourbillons ,a
Que sont les grains de cafe ? ,A Les graines de la cerise du cafeier ,B Les fruits du cafeier ,C Les bourgeons du ,b
La roche dure et noire qui provient d-un volcan est du : ,A granite ,B charbon ,C basalte ,c
Il existe plusieurs types de chutes d-eau. Parmi les suivants lequel n-existe pas ? ,A La chute d-eau en escalier ,B La chute d-eau a nuages ,C La cascade ,a
Quel arbre a encore un feuillage vert en hiver ? ,A Le pin ,B Le marronnier ,C L-orme ,b
Le coton est une matiere utilisee pour confectionner des vêtements. Le coton est : ,A une matiere synthetique ,B tire d-un animal ,C tire d-une plante ,c
L-orge n-entre pas dans la composition : ,A du pain français ,B de la biere ,C des aliments pour le betail ,a
nature ,,,,b
Les agates sont des pierres semiprecieuses de differentes couleurs. Les agates : ,A sont des coquillages fossiles ,B proviennent de cristaux du desert fondus ,C se trouvent dans les trous naturels des roches 429,c
 Quelle est la couleur la plus externe d-un arc-en-ciel ? ,A Rouge ,B Jaune ,C Violet ,a
L-artichaut se mange comme un legume. De cette plante nous mangeons : ,A La fleur entiere ,B Le fond de la fleur et le pied des petales ,C Les petales entiers ,b
La pomme de terre appartient a la famille des solanacees. Parmi ces legumes lequel appartient aussi a cette famille ? ,A Le maïs ,B La tomate ,C La carotte ,c
Combien d-especes de champignons existe-t-il sur Terre ? ,A 10 000 ,B 20 000 ,C Plus de 50 000 ,a
Laquelle des orties suivantes pique quand on la touche ? ,A L-ortie verte ,B L-ortie blanche ,C L-ortie mauve ,b
Lorsqu-un glacier descend des montagnes il entraine avec lui des morceaux detaches des sommets. Ces debris portent le nom de : ,A auges ,B moraines ,C cirques ,c
La plus grave eruption volcanique connue a eu lieu en 1883 en Indonesie. L-eruption du Krakatau a pu être entendue a une distance de : ,A 5 000 km ,B 1 000 km ,C 300 km ,a
De longues chaines de montagnes sous-marines occupent le fond des oceans. Comment les appelle-t-on ? ,A Montagne oceanique ,B Dorsale oceanique ,C Tour oceanique ,b
Dans quel endroit ne trouvet-on aucun insecte ? ,A Dans les grottes profondes ,B Dans l-eau salee des oceans ,C Sur les hauts sommets enneiges des 493,c
 Dans l-hemisphere Nord le jour le plus long de l-annee est le : ,A 21 mars ,B 21 juin ,C 21 septembre ,a
a la surface des eaux stagnantes d-un lac un tapis vert de plantes aquatiques peut apparaitre. Il est forme de : ,A lentilles d-eau ,B pâturage ,C verdure de grenouilles ,b
Il existe plusieurs types de chutes d-eau. Parmi les suivants lequel n-existe pas ? ,A La chute d-eau en escalier ,B La chute d-eau a nuages ,C La cascade ,c
Quel arbre a encore un feuillage vert en hiver ? ,A Le pin ,B Le marronnier ,C L-orme ,a
Le coton est une matiere utilisee pour confectionner des vêtements. Le coton est : ,A une matiere synthetique ,B tire d-un animal ,C tire d-une plante ,b
L-orge n-entre pas dans la composition : ,A du pain français ,B de la biere ,C des aliments pour le betail ,c
science ,,,,a
Quels globules n-existent pas dans le corps humain ? ,A Les globules rouges ,B Les globules blancs ,C Les globules violets ,b
Que fait le niveau de la mer lorsque la Terre se rechauffe ? ,A Il monte. ,B Il baisse. ,C Il reste identique. ,c
De nombreux produits sont en cuir mais d-où vient ce cuir ? ,A De la peau des animaux ,B Du petrole ,C De l-ecorce de ,a
Dans quel organe du corps humain l-urine est-elle formee ? ,A Le rein ,B L-estomac ,C L-intestin ,b
Un four a micro-ondes rechauffe la nourriture : ,A en faisant vibrer les molecules d-eau de la nourriture. ,B en faisant vibrer tres vite la nourriture. ,C en produisant de la chaleur. ,c
Le cœur humain se trouve dans la poitrine. Mais de quel côte ? ,A a gauche ,B Au milieu ,C a droite ,a
Avec quel instrument un medecin ecoute-t-il le rythme cardiaque ? ,A Un stethoscope ,B Un periscope ,C Un cyclope ,b
Combien de litres d-eau faut-il pour produire 1 tonne de papier ? ,A 40 000 litres ,B 4 000 litres ,C 400 litres ,c
Quel materiau ne fait pas partie de la famille des carbones ? ,A Le diamant ,B L-asphalte ,C La suie ,a
Comment appelle-t-on la dentition des enfants ? ,A Dents de lait ,B Dents d-eau ,C Dents de beurre ,b
Sur quelle echelle est exprimee l-intensite des tremblements de terre ? ,A L-echelle de Richter ,B L-echelle de Trilling ,C L-echelle de Beaufort ,c
Combien de temps met la lumiere pour aller de la Lune a la Terre ? ,A 1 seconde ,B 30 secondes ,C 1 minute ,a
Dans notre corps le sang est « nettoye » des dechets avant de refluer vers le cœur. Ce phenomene se passe au niveau : ,A du pancreas ,B du foie ,C des reins ,b
Lequel des os suivants ne se trouve pas dans notre bras ? ,A La clavicule ,B Le cubitus ,C Le radius ,c
Qui le daltonisme touche-t-il le plus souvent ? ,A Des hommes ,B Des femmes ,C Tant les hommes que les ,a
L-unite de mesure du poids des pierres precieuses est le : ,A milligramme ,B carat ,C grain ,b
science ,,,,c
Quelle science etudie les atomes et les molecules ? ,A La chimie ,B La physique ,C La biologie ,a
La force d-attraction de la Lune est responsable sur la Terre : ,A des 4 saisons ,B du flux et du reflux des marees ,C des variations de ,b
Lorsque toutes les dents definitives sont sorties la dentition d-un adulte compte : ,A 28 dents ,B 32 dents ,C 36 dents ,c
Combien d-os constituent le squelette d-un homme ou d-une femme adulte ? ,A 412 os ,B 350 os ,C 206 os ,a
Quel est le point d-ebullition de l-eau ? ,A 100 °C ,B 0 °C ,C 1 000 °C ,b
Lorsque nous eternuons l-air sort tres vite de notre nez mais a quelle vitesse ? ,A 100 km/h ,B 10 km/h ,C 50 km/h ,c
Si on compare le squelette d-un bebe et celui d-un adulte qu-y a-til de special ? ,A Un bebe a plus d-os qu-un adulte. ,B Un adulte a plus d-os qu-un bebe. ,C Un adulte a autant d-os qu-un bebe 138,a
 Combien de sang comprend le corps adulte ? ,A Environ 5 litres ,B Environ 10 litres ,C Environ 15 litres ,b
Un microscope permet de voir les objets agrandis jusqu-a : ,A 50 fois ,B 200 fois ,C 2 500 fois ,c
Combien de fois par jour la grande aiguille d-une horloge indique-t-elle le chiffre « 4 » ? ,A 24 fois ,B 12 fois ,C 2 fois ,a
Laquelle des pierres suivantes flotte sur l-eau ? ,A La pierre ponce ,B La craie ,C L-ardoise ,b
Que met-on dans une piscine pour la desinfecter ? ,A Du chlore ,B De l-adoucissant ,C De la soude caustique ,c
Combien de fois par jour inspirons-nous ? ,A 20 000 fois ,B 200 000 fois ,C 2 000 fois ,a
Combien de semaines vit normalement un bebe dans le ventre de sa mere ? ,A 41 semaines ,B 52 semaines ,C 35 semaines ,b
Le scaphandre des astronautes est blanc pour être bien visible sur le fond noir de l-espace mais aussi pour une autre raison. Laquelle ? ,A Pour absorber moins de lumiere solaire. ,B Pour absorber plus de lumiere solaire. ,C Pour être plus leger. ,c
Par quelle unite de mesure estime-t-on la valeur d-un diamant ? ,A Le carat ,B Le varat ,C Le barat ,a
science ,,,,b
Les gouttes de rosee que l-on voit le matin s-expliquent par l-humidite qui se depose sur ces plantes la nuit : ,A parce que ces plantes rejettent de l-humidite ,B a cause de l-humidite qui monte de la terre ,C parce que le sol etait plus froid que l-air chaud 195,c
 Combien de temps dort-on sur toute notre vie ? ,A 1 tiers de notre vie ,B 1 cinquieme de notre vie ,C 1 dixieme de notre vie ,a
Lorsque nous decoupons des oignons que peut-il se passer ? ,A Nos yeux commencent a pleurer. ,B Notre nez commence a couler. ,C Notre bouche devient seche. ,b
Les scientifiques travaillent sur le materiel genetique de certaines plantes pour en ameliorer la croissance et la production. C-est ce qu-on appelle : ,A La manipulation genetique ,B L-irradiation cancerigene ,C La division cellulaire ,c
Le medecin peut prendre une sorte de photo d-un fœtus a l-aide d-un appareil qui fonctionne par : ,A ultrasons qui ne peuvent être entendus par les hommes ,B ondes electromagnetiques ,C ondes optiques ,a
Si on sciait un os de notre squelette que verrionsnous a l-interieur ? ,A Un trou ,B Un liquide aqueux ,C Des vaisseaux sanguins ,b
Combien y a-t-il de quarts d-heure dans une journee ? ,A 96 ,B 24 ,C 162 ,c
Le Soleil nous donne beaucoup de lumiere et de chaleur mais de quoi est fait le Soleil ? ,A De gaz chauds ,B De liquides ferreux ,C De pierres chaudes ,a
Qu-est-ce qu-un tsunami ? ,A Un ouragan ,B Un cyclone ,C Un raz de maree ,b
Les substances utilisees dans les medicaments contre certaines maladies cardiaques sont tirees des feuilles d-une plante toxique. Quel est son nom ? ,A La principale ,B La minerale ,C La digitale ,c
Lors d-une eclipse de Soleil le Soleil la Lune et la Terre sont alignes. Quelle est la position correcte pour qu-il y ait une eclipse de Soleil ? ,A Le Soleil est entre la Lune et la Terre. ,B La Lune est entre le Soleil et la Terre. ,C La Terre est entre le Soleil et la Lune. ,a
Quelle couleur obtient-on lorsqu-on melange autant de bleu que de jaune ? ,A Du vert ,B Du mauve ,C Du brun ,b
Avec quel type de photos peut-on photographier le squelette de l-homme ? ,A Des radiographies ,B Des photos numeriques ,C Des photos Polaroïd ,c
Si on laisse pousser ses cheveux pendant un an de combien de centimetres grandiront-ils environ ? ,A 12 cm ,B 24 cm ,C 6 cm ,a
Le Soleil est en realite une etoile composee d-environ ¾ : ,A d-hydrogene ,B d-helium ,C d-azote ,b
Le poids des muscles du corps s-eleve a : ,A 10 % du poids total ,B 25 % du poids total ,C 50 % du poids total ,c
science ,,,,a
Que sont Io Europe Ganymede Callisto ? ,A Des satellites de Jupiter ,B Des volcans sur Jupiter ,C Des cyclones qui ont frappe ,b
Les flocons de neige sont des cristaux de glace qui se soudent a 0 °C Un cristal de glace : ,A a l-aspect d-un hexagone,,,c
 ,B peut avoir n-importe quelle forme ,C est une etoile a 6 branches ,,a
La creme solaire doit proteger notre peau contre les : ,A rayons ultraviolets ,B rayons infrarouges ,C rayons fluorescents ,b
En raison de l-arrondi de la Terre nous ne pouvons pas voir a l-infini. Quelle est la plus grande distance a laquelle nous pouvons voir ? ,A 12 km ,B 52 km ,C 112 km ,c
Quel four utilisons-nous pour rechauffer tres rapidement des aliments ? ,A Un four a micro-ondes ,B Un four a catalyse ,C Un four a chaux ,a
Quelle substance est contenue dans les thermometres pour indiquer la temperature ? ,A Du mercure ,B Du calcaire ,C De l-eau salee ,b
Quelle partie de notre oreille transmet les vibrations de l-air pour que nous puissions entendre ? ,A Le tympan ,B Le tambour ,C Le tampon ,c
Le vent est un deplacement d-air. L-air froid a tendance a : ,A descendre ,B monter ,C ne pas bouger ,a
Avec quel terme exprimonsnous le volume de son ? ,A Decibels ,B Centibels ,C Millebels ,b
La temperature qui regne a la surface du Soleil est d-environ : ,A 5 000 °C ,B 10 000 °C ,C 15 000 °C ,c
Combien de faces ont deux cubes ensemble ? ,A 12 ,B 6 ,C 10 ,a
De quelle substance se compose notre corps en majeure partie ? ,A D-eau ,B De graisse ,C De sang ,b
Avec quoi peut-on generer de l-electricite grâce a la lumiere du Soleil ? ,A Des panneaux solaires ,B Des panneaux de lumiere ,C Des accumulateurs d-energie ,c
Comment se forment les crateres sur la Lune ? ,A Par des rochers cosmiques qui tombent sur la surface ,B Par le vent qui souffle en tournoyant ,C Par la sortie de lave venant du centre de la 400,a
 Quel muscle avons-nous tous dans la partie superieure du bras ? ,A Le biceps ,B Le triceps ,C Le quadriceps ,b
Quel nom porte la maladie qui se manifeste sous forme de crises violentes avec des convulsions ? ,A L-epilepsie ,B La narcolepsie ,C L-ostealgie ,c
science ,,,,a
Dans quelle partie de notre corps se trouve notre organe de l-equilibre ? ,A L-oreille ,B Le nez ,C La bouche ,b
Que produit-on dans une centrale nucleaire ? ,A De l-energie ,B Du petrole ,C De l-eau ,c
Comment s-appelle le petit appareil qui permet de faire fonctionner la lampe d-un velo ? ,A La dynamo ,B Le transfo ,C L-electro ,a
Laïka etait le premier animal qui a fait le tour de la Terre dans un engin spatial. Quel animal etait Laïka ? ,A Un chien ,B Un singe ,C Un lapin ,b
Avec quel appareil peut-on renforcer sa voix de maniere a pouvoir s-adresser a un grand nombre de personnes ? ,A Un megaphone ,B Un talkie-walkie ,C Un microscope ,c
Combien pese le squelette d-un adulte ? ,A 10 kg ,B 20 kg ,C 15 kg ,a
Lorsqu-on rit on utilise : ,A 1 muscle ,B 17 muscles ,C 48 muscles ,b
Comment s-appelle un materiau qui n-est pas conducteur d-electricite ? ,A Un ion ,B Un electrolyte ,C Un isolant ,c
Quel nom donne-t-on a une personne qui donne son sang ? ,A Donneur ,B Donateur ,C Donataire ,a
Comment appelle-t-on la partie de la Terre habitee par des êtres vivants ? ,A La biosphere ,B L-atmosphere ,C La stratosphere ,b
Combien de faces ont deux cubes ensemble ? ,A 12 ,B 6 ,C 10 ,c
De quelle substance se compose notre corps en majeure partie ? ,A D-eau ,B De graisse ,C De sang ,a
Avec quoi peut-on generer de l-electricite grâce a la lumiere du Soleil ? ,A Des panneaux solaires ,B Des panneaux de lumiere ,C Des accumulateurs d-energie ,b
Comment se forment les crateres sur la Lune ? ,A Par des rochers cosmiques qui tombent sur la surface ,B Par le vent qui souffle en tournoyant ,C Par la sortie de lave venant du centre de la 400,c
 Quel muscle avons-nous tous dans la partie superieure du bras ? ,A Le biceps ,B Le triceps ,C Le quadriceps ,a
Quel nom porte la maladie qui se manifeste sous forme de crises violentes avec des convulsions ? ,A L-epilepsie ,B La narcolepsie ,C L-ostealgie ,b
monde ,,,,c
De combien de musiciens se compose un quartet ? ,A 4 ,B 3 ,C 5 ,a
Parmi ces trois langues laquelle est la plus parlee dans le monde ? ,A Le français ,B L-allemand ,C L-espagnol ,b
Si vous atterrissez a l-aeroport de Schiphol c-est que vous êtes arrives : ,A en Afrique du Sud ,B aux Pays-Bas ,C aux Antilles neerlandaises ,c
Quelle est la capitale de l-Espagne ? ,A Madrid ,B Lisbonne ,C Rome ,a
Dans quel pays payait-on en lires avant l-apparition de l-euro ? ,A En Italie ,B En Espagne ,C En Allemagne ,b
De quel côte d-un bateau se trouve tribord ? ,A a droite ,B a gauche ,C En arriere ,c
De quel pays proviennent les spaghettis a l-origine ? ,A De Chine ,B De Turquie ,C D-Italie ,a
Le TGV (train a grande vitesse) a ete conçu en France et roule a une vitesse moyenne de : ,A 230 km/h ,B 350 km/h ,C 420 km/h ,b
La plus haute montagne d-Europe de l-Ouest est haute d-environ 4 807 metres. Il s-agit du : ,A mont Blanc ,B mont Ventoux ,C Puy-de-Dôme ,c
Comment s-appelle l-organisation qui aide les enfants dans le monde entier ? ,A Unicef ,B Unesco ,C Uno ,a
Comment s-appelle la statuette qui est remise chaque annee a Hollywood pour le meilleur film ? ,A L-Oscar ,B Le Cesar ,C Le Maxime ,b
Quelle planete appelle-t-on egalement la planete rouge ? ,A Mars ,B Venus ,C Saturne ,c
Combien de pays independants englobe le continent oceanien ? ,A Moins de 5 pays ,B Entre 5 et 10 pays ,C Plus de 10 pays ,a
Avec quelle lettre les Romains representaient-ils le chiffre 500 ? ,A D ,B M ,C L ,b
Comment appelle-t-on le changement de nationalite ? ,A La naturalisation ,B L-emigration ,C L-adoption ,c
Dans quel film de Steven Spielberg un extraterrestre veut « telephoner maison » ? ,A E.T. ,B Star Wars ,C Sauvez Willy ,a
monde ,,,,b
Comment s-appellent les premieres peuplades originaires d-Australie ? ,A Les Papous ,B Les Massaïs ,C Les Aborigenes ,c
Les bouddhistes sont les disciples du Bouddha. Cet homme etait en realite : ,A Un pauvre pêcheur ,B Un riche prince ,C Un vieux prêtre malade ,a
Laquelle de ces couleurs n-est pas une couleur primaire mais un melange ? ,A Le vert ,B Le jaune ,C Le rouge ,b
Comment appelle-t-on le dessin imprime sur un billet de banque que l-on peut voir en transparence et qui permet de reperer les faux billets ? ,A Le filigrane ,B Le filograne ,C Le filagrane ,c
La tour de Belem au Portugal comprend 5 etages. Elle n-a jamais servi : ,A de prison ,B de phare ,C d-eglise ,a
Qui etait Neil Armstrong ? ,A Le premier homme a marcher sur la Lune ,B Un joueur de saxophone ,C Un laureat du prix Nobel de la 60,b
 Lequel des nombres suivants represente 100 millions ? ,A 100 000 000 ,B 100 000 000 000 ,C 1 000 000 000 000 ,c
L-Alhambra est un palais situe a Grenade en Espagne. Ce nom vient de l-arabe et signifie : ,A palais de conte de fees ,B château rouge ,C citadelle doree ,a
Lorsqu-un bateau atteint une vitesse de 30 nœuds a quelle vitesse va-t-il ? ,A 60 km/h ,B 30 km/h ,C 15 km/h ,b
Les premieres pommes de terre ont ete cultivees au XVIeme siecle en Europe. D-où viennent-elles a l-origine ? ,A D-Amerique du Sud ,B D-Asie ,C D-Afrique ,c
Dans quelle grande metropole passe le fleuve qui s-appelle la Seine ? ,A Paris ,B New-York ,C Londres ,a
En ecosse de nombreux curieux viennent visiter le Loch Ness car : ,A le comte Dracula aurait habite dans le château pres du lac. ,B un monstre vivrait dans le lac. ,C des fantômes hanteraient le château voisin 72,b
 Dans quel conte de fees n-y a-t-il pas de sorciere ? ,A Le Petit Chaperon rouge ,B Blanche-Neige ,C Hansel et Gretel ,c
La Republique d-Irlande se situe dans la partie sud de l-ile d-Irlande. Sa capitale est : ,A Dublin ,B Belfast ,C Limerick ,a
Le parc national des Everglades en Floride (aux etats-Unis) est celebre pour : ,A ses grottes ,B son lac sale ,C ses terres marecageuses ,b
Comment appelle-t-on un spationaute chinois? ,A Un taïkonaute ,B Un cosmonaute ,C Un astronaute ,c
monde ,,,,a
a Venise les voies d-eau qui parcourent la ville sont des : ,A canaux ,B fosses ,C douves ,b
Qu-est-ce que le recyclage ? ,A La collecte et la reutilisation des dechets ,B Une technique de peinture ,C Le fait d-avancer au pas dans une 89,c
 Quel est le signe astrologique de quelqu-un qui est ne le 27 octobre ? ,A Scorpion ,B Lion ,C Vierge ,a
Quelle est la capitale du Bresil ? ,A Brasilia ,B Rio de Janeiro ,C Sao Paulo ,b
Comment appelle-t-on l-homme qui devait auparavant faire rire le roi ? ,A Le fou ,B Le ministre ,C Le majordome ,c
En Afrique on trouve des chutes d-eau qui portent un prenom feminin. Lequel ? ,A Diana ,B Victoria ,C Alberta ,a
Où se situe le Mexique ? ,A Au niveau du tropique du Cancer ,B Au niveau du tropique du Capricorne ,C Au niveau de l-equateur ,b
a Venise on peut parcourir les canaux sur une gondole. Les gondoles sont peintes en : ,A noir et rouge ,B noir et vert ,C noir ,c
Comment appelle-t-on la boisson obtenue en melangeant differentes autres boissons ? ,A Un cocktail ,B Un cognac ,C Un whisky ,a
L-etude des fossiles porte le nom de : ,A archeologie ,B paleontologie ,C graphologie ,b
La muraille de Chine est la plus longue construction que l-homme ait jamais realisee. Ce mur a une longueur d-environ : ,A 1 500 km ,B 2 500 km ,C 3 200 km ,c
Par quel village anglais passe le meridien 0 ? ,A Greenwich ,B Kent ,C Londres ,a
En Grece on peut manger un fromage blanc typique fait a base de lait de chevre et appele : ,A mozzarella ,B gruyere ,C feta ,b
Quel engin volant a des ailes tournantes ? ,A Un helicoptere ,B Un ULM ,C Un dirigeable ,c
Comment appelle-t-on le peuple qui voyage dans le desert ? ,A Les nomades ,B Les Vikings ,C Les allies ,a
En ecosse beaucoup de noms de famille commencent par « Mac ». Souvent on ecrit que l-abreviation : Mc. Que signifie ce prefixe ? ,A Fils ,B Famille ,C Pere ,b
monde ,,,,c
Comment appelle-t-on le filet dans lequel les poissons peuvent nager mais dont ils peuvent difficilement s-echapper ? ,A La nasse ,B La tasse ,C La natte ,a
Quel autre nom donne-t-on au petrole ? ,A L-or noir ,B Le diamant noir ,C Le rubis noir ,b
Le boomerang est un jeu. Mais a quoi servait le boomerang auparavant ? ,A Comme arme ,B Comme instrument pour les previsions meteo ,C Comme ornement ,c
Si la face d-un de a 4 points est vers le haut combien y a-t-il de points sur la face vers le bas au même moment ? ,A 3 ,B 2 ,C 1 ,a
Quel souverain français est toujours represente avec la main gauche dans sa veste ? ,A Napoleon ,B Pompidou ,C Chirac ,b
Comment s-appelle la region d-Amerique du Sud où domine la grande forêt amazonienne ? ,A L-Amazonie ,B L-Amazone ,C La Transamazonienne ,c
Qu-est-ce qu-un fjord ? ,A Un bras de mer entre de hauts rochers ,B Un bateau a fond plat ,C Une cabane en rondins ,a
Lequel des instruments de musique suivants n-a pas de cordes ? ,A La clarinette ,B Le piano ,C La contrebasse ,b
Alcatraz est une ile rocailleuse appartenant a San Francisco. Jusqu-en 1963 s-y trouvait : ,A une prison ,B un monastere ,C une base de lancement de ,c
L-Allemagne a quelques pays limitrophes. Lequel des pays suivants n-est pas un pays limitrophe de l-Allemagne ? ,A L-Espagne ,B La France ,C La Belgique ,a
Quelle langue est parlee par le plus grand nombre de personnes au monde ? ,A Le chinois ,B L-anglais ,C Le russe ,b
Qui etait William Shakespeare ? ,A Un poete anglais ,B Une vedette americaine de musique pop ,C Un coureur danois de ,c
La ville de Paris est aussi surnommee : ,A la ville de la nuit ,B la ville des lumieres ,C la ville de la danse ,a
Lequel de ces pays n-est pas un royaume dirige par un roi ou une reine mais une republique dirigee par un president ? ,A La Norvege ,B Le Danemark ,C La Finlande ,b
Combien de planetes decrivent une orbite autour du soleil ? ,A 10 planetes ,B 8 planetes ,C 7 planetes ,c
Pourquoi utilisons-nous une boussole ? ,A Pour chercher le Nord. ,B Pour chercher le port le plus proche. ,C Pour determiner la force du vent ,a
monde ,,,,b
Les friandises colorees qui contiennent de la reglisse proviennent a l-origine : ,A d-Allemagne ,B d-Angleterre ,C des Pays-bas ,c
De quoi un claustrophobe at-il peur ? ,A Du vide ,B Des espaces clos ,C Des insectes ,a
Le cœur d-un ordinateur où un grand nombre d-informations est stocke est : ,A un programme ,B une micropuce ,C un serveur ,b
Dingo est l-un des personnages de Walt Disney. Quel type d-animal est Dingo ? ,A Un chien ,B Un lapin ,C Un coq ,c
De quel couleur est le cheval de Zorro ? ,A Noir ,B Blanc ,C Brun ,a
Lequel de ces musee ne se situe pas a Paris ? ,A Le Louvre ,B Le Metropolitan Art Museum ,C Le musee d-Orsay ,b
a quoi servaient les aqueducs construits par les Romains ? ,A De passage permettant aux armees de franchir rapidement les rivieres ,B a approvisionner les cites en eau ,C De tour de guet ,c
Les plus grandes reserves d-eau douce du monde sont formees en reunissant l-eau des Grand Lacs d-Amerique du Nord. Ils sont au nombre de : ,A 5 ,B 10 ,C 15 ,a
D-où vient le nom « Barbie » ? ,A C-est le nom de la fille de la creatrice de la poupee. ,B C-est le nom d-une chanteuse populaire. ,C C-est le nom de la femme d-un president des etats-Unis 167,b
 Combien de couleurs y a-t-il sur le drapeau des etatsUnis ? ,A Trois ,B Quatre ,C Cinq ,c
En Siberie en Europe du Nord et en Amerique du Nord on trouve de vastes etendues de forêts de coniferes. Il s-agit de : ,A La steppe ,B La toundra ,C La taïga ,a
Les femmes indiennes se drapent le corps d-une piece de tissu que l-on appelle : ,A un sari ,B un sarong ,C un schako ,b
Qui a dessine la statue de la liberte ? ,A Gustave Eiffel ,B Richard Nixon ,C Bill Clinton ,c
Qu-est-ce que le yoga ? ,A Une maniere de maitriser le corps et l-esprit ,B Une religion africaine ,C Une maniere de guerir les maladies ,a
La ville qui compte le plus grand nombre d-habitants du monde est : ,A Tokyo ,B Mexico ,C Los Angeles ,b
Quel nom ne designe pas un archipel europeen ? ,A Les Açores ,B Les Baleares ,C Les Maldives ,c
monde ,,,,a
Le telephone a ete invente au XIXeme siecle par : ,A R. Ring ,B D. Allo ,C ,b
Comment s-appelle l-appareil permettant aux pilotes et navigateurs de trouver leur chemin et de voir ce qui se passe autour d-eux ? ,A Le radar ,B La boussole ,C Le telescope ,c
Au Mexique les Azteques construisaient des pyramides qui servaient principalement de : ,A tresor où l-on conservait les perles et les pierres precieuses ,B chambre funeraire pour les empereurs ,C base sur laquelle un temple etait ,a
Les villes de Lausanne Geneve et Zurich se trouvent toutes les trois : ,A En Autriche ,B En Suisse ,C En Norvege ,b
Comment s-appelle ce bateau allonge dont la partie superieure est tout a fait ouverte ? ,A Un canoë ,B Un kayak ,C Un catamaran ,c
Le soleil de minuit est un phenomene au cours duquel le soleil ne se couche pas au moins une nuit par an. Ce phenomene peut être observe : ,A au pôle Nord ,B dans les regions situees sur l-equateur ,C au pôle Nord et au pôle Sud ,a
a quelle vitesse un avion de passagers decolle-t-il ? ,A 290 km/h ,B 170 km/h ,C 380 km/h ,b
Quand la television a-t-elle ete inventee ? ,A En 1910 ,B En 1940 ,C En 1970 ,c
Dans lequel des pays suivants ne peut-on pas payer en euros ? ,A La Suisse ,B L-Autriche ,C La Finlande ,a
Comment appelle-t-on une personne qui dessine des cartes geographiques ? ,A Un atlasgraphe ,B Un cartographe ,C Un globegraphe ,b
La ville de Rome a ete bâtie sur : ,A 1 colline ,B 3 collines ,C 7 collines ,c
Quand on parle du Benelux il s-agit : ,A de l-Irlande et du Royaume-Uni ,B de l-Allemagne et de la Pologne ,C de la Belgique des Pays-Bas et du 214,a
 On aperçoit des rochers sur les côtes de Normandie et d-Angleterre. Ils sont blancs car : ,A ils sont en craie. ,B ils sont en marbre blanc. ,C ils sont en ardoise. ,b
Quel est le dessert traditionnellement servi pendant le tournoi de tennis de Wimbledon ? ,A Des crêpes au sucre ,B Un banana split ,C Des fraises avec de la creme ,c
La Croix-Rouge est une association reconnue sur le plan international. Dans les pays musulmans elle porte un autre nom. Lequel ? ,A La Faucille-Rouge ,B Le Croissant-Rouge ,C Le Soleil-Rouge ,a
Dans quel pays le president vit-il a la Maison-Blanche ? ,A Aux etats-Unis ,B En Grande-Bretagne ,C En France ,b
monde ,,,,c
Laquelle de ces chaines de montagnes ne constitue pas une frontiere naturelle entre 2 pays d-Europe ? ,A Les Pyrenees ,B Les Alpes ,C Le Caucase ,a
Qui etaient les Peaux-Rouges ? ,A Les Indiens d-Amerique du Nord ,B Les premiers habitants de l-Australie ,C Les esclaves africains qui ont ete vendus en 243,b
 Comment s-appelle le lieu de priere pour les musulmans ? ,A La mosquee ,B La synagogue ,C Le temple ,c
Où peut-on specialement observer de nombreux lemuriens ? ,A Sur l-ile de Madagascar ,B Aux Seychelles ,C Sur l-ile Maurice ,a
Dans quel pays peut-on visiter l-ancienne cite inca de Machu Pichu ? ,A En Bolivie ,B Au Perou ,C En Argentine ,b
En Europe les automobilistes roulent la plupart du temps du côte droit de la route. On roule cependant a gauche en Grande-Bretagne et : ,A en Grece ,B a Malte ,C dans la principaute d-Andorre ,c
Si une voiture roule avec un « P » comme marque de nationalite de quel pays provient cette voiture ? ,A Portugal ,B Pologne ,C Pakistan ,a
Dans certaines pieces de theâtre il n-y a pas de parole mais uniquement des gestes. Comment appelle-t-on cela ? ,A Le mime ,B Le play-back ,C Le monologue ,b
Dans un theâtre quel endroit est surnomme « le poulailler » ? ,A Les places les plus hautes (et les moins cheres) ,B Les places du premier rang ,C Les loges ,c
Les pâtes fraiches sont faites a base : ,A d-eau d-œufs et de lait ,B de farine de maïs et d-eau ,C de fleur de farine et d-œufs ,a
Hitler a fait construire une voiture pour son peuple. Quel etait le surnom de cette Volkswagen ? ,A Coccinelle ,B Chevre ,C Canard ,b
Colomb a decouvert l-Amerique en 1492. Il etait cependant parti pour chercher une voie vers : ,A l-Afrique du Nord ,B la Chine ,C l-Inde ,c
Quelles tours legendaires se sont ecroulees le 11 septembre 2001 ? ,A Les tours du World Trade Center ,B Les tours de Pise ,C Les tours de Londres ,a
Quel est le nom correct d-une tente d-Indien ? ,A Un wigwam ,B Un toppie ,C Une yourte ,b
Comment appelle-t-on la citrouille symbole d-Halloween ? ,A Mister Jack ,B Jack-the-lamp ,C Jack-o-lantern ,c
Lequel des ces noms est celui d-un fromage typique neerlandais ? ,A Gouda ,B Gruyere ,C Gorgonzola ,a
monde ,,,,b
Ces grandes pyramides de verre abritent l-entree d-un musee. On peut aller les admirer : ,A au Caire en egypte ,B a Paris en France ,C a Londres en GrandeBretagne ,c
Par quels animaux Tarzan at-il ete adopte et eleve ? ,A Des singes ,B Des loups ,C Des ours ,a
Dans l-ocean Pacifique se trouve une ile dont le nom a ete donne a un vêtement : ,A Pull ,B Short ,C Bikini ,b
De nombreux pays dans le monde ne sont en realite qu-une grande ile. Lequel de ces pays n-est pas une ile ? ,A L-Islande ,B Le Groenland ,C La Norvege ,c
Comment appelle-t-on la piste où les avions decollent et atterrissent ? ,A Le tarmac ,B La base aerienne ,C Le pont ,a
Laquelle des personnes suivantes utilise un embauchoir dans l-exercice de sa fonction ? ,A Le cordonnier ,B Le boulanger ,C Le medecin ,b
Comment appelle-t-on des inscriptions des dessins griffonnes ou graves sur les murs ? ,A Des graffitis ,B Des scraboutchas ,C Des ideogrammes ,c
De quel pays venaient les vikings ? ,A De Norvege ,B De Suede ,C Du Danemark ,a
Depuis le XVIeme siecle des horloges et des montres reputees pour leur fiabilite y sont creees. De quel pays s-agit-il ? ,A Les places les plus hautes (et les moins cheres) ,B Les places du premier rang ,C Les loges ,b
Sur la place de l-etoile a Paris se trouve le tres celebre arc de Triomphe qui fut construit a la demande : ,A du president F. Mitterrand ,B de Napoleon ,C du roi Louise XIV ,c
La porte de Brandebourg est un monument national. Il s-agit : ,A d-un monument qui marquait la frontiere entre Berlin-Est et BerlinOuest ,B du debut d-une des plus importantes arteres commerçantes de Paris ,C de la porte du palais du roi de ,a
La region du pôle Sud : ,A appartient a l-Oceanie ,B est une region naturelle qui est une sorte de « no man-s land » ,C est utilisee par differents etats qui y exercent un certain de droits et y ont certain,b
es obligations 310 Certains rapaces planent en utilisant l-air chaud ascendant. Ce courant d-air chaud s-appelle : ,A le Gulf Stream ,B l-ascendance thermique ,C une turbulence ,c
Quand c-est l-hiver dans l-hemisphere Nord quelle est la saison au même moment dans l-hemisphere Sud ? ,A L-ete ,B L-hiver ,C L-automne ,a
Les amandes sont un ingredient important d-une de ces friandises laquelle ? ,A Le speculoos ,B Le massepain ,C Le chocolat blanc ,b
Auparavant lorsque les hommes voulaient tester la solidite de leurs ponts comment faisaient-ils ? ,A Ils faisaient marcher l-armee dessus. ,B Une dizaine de poids lourds roulaient dessus en même temps. ,C De gros poids etaient lances sur le pont a partir d-helicopteres MONDE MONDE MONDE MONDE,c
 monde,,,,a
Combien d-habitants vivent a Hong Kong ? ,A 2 millions ,B 4 millions ,C 7 millions ,b
Le cadran solaire servait autrefois a donner l-heure. Le cadran solaire existe depuis : ,A 500 ans ,B 1 000 ans ,C 5 000 ans ,c
Quel pays a une feuille d-erable comme symbole national ? ,A Le Canada ,B Les etats-Unis ,C Le Mexique ,a
Le canal de Suez en egypte assure une liaison entre : ,A La mer Adriatique et la mer Mediterranee ,B L-ocean Indien et l-ocean Atlantique ,C La mer Mediterranee et la mer ,b
Copacabana est une plage de sable qui fait partie de la ville de : ,A Salvador ,B Sao Paulo ,C Rio de Janeiro ,c
Il existe en Allemagne une vaste region tres boisee qui porte de nom de : ,A Forêt-Noire ,B Forêt-Verte ,C Forêt-Brune ,a
Comment appelle-t-on l-art de plier du papier pour en faire de veritables œuvres d-art ? ,A L-origami ,B Le papirami ,C Le garami ,b
Las Vegas qui represente une tres grande part des revenus de l-etat car : ,A des impôts extrêmement eleves y sont perçus ,B les luxueux hôtels appartiennent tous a la ville ,C les jeux d-argent sont autorises et beaucoup de gens viennent y leur chance,c
 La citrouille est un aliment mais elle joue aussi un rôle important dans la decoration de la fête d-Halloween. Cette fête a lieu : ,A a la Saint-Sylvestre (31 dec.) ,B la veille de la Toussaint (31 oct.) ,C a la Saint-Valentin (14 fev.) ,a
Dans quel pays se trouve le mur le plus long au monde ? ,A En Chine ,B Aux etats-Unis ,C Aux Pays-Bas ,b
Le chewing-gum qui etait a l-origine fait a base de chicle un latex qui s-ecoule du sapotier a ete invente en : ,A Australie ,B Afrique ,C Amerique centrale ,c
Le pôle Sud ou Antarctique se compose : ,A uniquement de glace ,B de terres et d-etendues d-eau recouvertes d-une calotte glaciaire ,C d-eau et d-icebergs ,a
Comment appelle-t-on les quartiers autour des grandes villes où vivent des personnes pauvres ? ,A Des bidonvilles ,B Des cartonvilles ,C Des quartiers en voie de ,b
Comment appelle-t-on dans un avion l-endroit où sont installes les pilotes ? ,A Le cockpit ,B La coquerie ,C La cabine ,c
Quels oceans relient le canal de Panama ? ,A Les oceans Pacifique et Indien ,B Les oceans Pacifique et Atlantique ,C Les oceans Atlantique et Indien ,a
Combien de cases comprend un damier ? ,A 100 ,B 92 ,C 64 ,b
monde ,,,,c
Les pyramides egyptiennes etaient en realite : ,A des tombes de pharaons ,B des maisons prestigieuses ,C des centres culturels ,a
Si l-on faisait le tour de la Terre a pied en partant de l-equateur combien de kilometres cela representerait-il ? ,A 40 000 km ,B 4 000 km ,C 400 000 km ,b
Comment appelle-t-on un bâtiment tres haut dans lequel de nombreuses personnes peuvent vivre ? ,A Un gratte-ciel ,B Un monument ,C Une cathedrale ,c
Les habitants de la NouvelleGuinee s-appellent : ,A les Massaïs ,B les Maoris ,C les Papous ,a
De quel côte de la route faut-il marcher s-il n-y a pas de trottoir ou de berme surelevee ? ,A Gauche ,B Droite ,C Peu importe ,b
Quel etait le premier long metrage de Walt Disney ? ,A Blanche-Neige ,B Bambi ,C Alice au pays des ,c
Auparavant les ecoliers n-avaient pas de cahiers pour ecrire. Sur quoi ecrivaient-ils ? ,A L-ardoise ,B Le papyrus ,C Le bois ,a
Quel celebre festival a lieu a Avignon ? ,A Un festival de theâtre ,B Un festival de cinema ,C Un festival de contes ,b
La plus haute montagne d-Afrique se trouve en Tanzanie. Il s-agit du : ,A Kilimandjaro ,B mont Kenya ,C mont Meru ,c
Un des trains les plus celebres est l-« OrientExpress » qui relie : ,A Paris et Istanbul ,B Moscou et Vienne ,C Rome et Sofia ,a
Comment les musulmans appellent-ils la periode durant laquelle ils doivent jeûner ? ,A Le ramadan ,B Le carême ,C Yom Kippur ,b
Combien de passagers a un pilote durant un vol en solo ? ,A 0 ,B 1 ,C 100 ,c
En 1912 une grande catastrophe a eu lieu avec le Titanic. Quel moyen de transport etait le Titanic ? ,A Un bateau ,B Un train ,C Un avion ,a
Un hovercraft est un bateau qui navigue sur des coussins d-air. Quel est l-autre nom de l-hovercraft ? ,A Un aeroglisseur ,B Un hydravion ,C Un paquebot ,b
Quelle riviere porte le même nom que la capitale de la Californie ? ,A Sacramento ,B Colorado ,C Feather ,c
Un jeu complet de dominos classiques comprend : ,A 20 dominos ,B 24 dominos ,C 28 dominos ,a
monde ,,,,b
Hollywood celebre par son industrie cinematographique appartient a la ville de : ,A San Francisco ,B Chicago ,C Los Angeles ,c
Depuis le XIXeme siecle il existe un village au pays de Galle qui porte un nom bizarre. Ce nom : ,A est un « ? » ,B ne se compose que de consonnes ,C comporte 58 lettres ,a
Quel celebre compositeur est ne a Salzbourg ? ,A Mozart ,B Haydn ,C Chopin ,b
Quelle est la 1ere femme noire qui a gagne l-Oscar de la meilleure actrice ? ,A Woopy Goldberg ,B Halle Berry ,C Beyonce Knowles ,c
Cuba fait partie d-un archipel situe a l-ouest de l-Amerique centrale ? ,A Les Antilles ,B Les Bahamas ,C La Polynesie ,a
Disney World aux etats-Unis est le plus grand parc d-attractions du monde. Il en existe une plus petite version en Europe qui se situe a : ,A Paris ,B Londres ,C Berlin ,b
Pour quelle raison la mer Morte est-elle connue ? ,A Car on a pied partout ,B Car on y trouve beaucoup de poissons morts ,C Car on y flotte ,c
Quel jeu d-adresse japonais avec 41 bouts de bois porte le même nom qu-un empereur du Japon depuis des siecles ? ,A Mikado ,B Domino ,C Bolero ,a
Le mont Waialeale a Hawaï est l-endroit où il pleut le plus grand nombre de jours par an a savoir : ,A 30 jours ,B 125 jours ,C 350 jours ,b
Quand a lieu la lune de miel ? ,A Juste apres le mariage ,B Juste apres Noël ,C Juste apres la Pentecôte ,c
Comment baptise-t-on les cyclones aujourd-hui ? ,A Avec des prenoms masculins et feminins ,B Avec des noms de fleurs ,C Avec des noms de villes ,a
Une personne qui se consacre a l-etude des oiseaux porte le nom de : ,A zoologiste ,B ornithologue ,C biologiste ,b
Comment appelle-t-on une construction permettant de « marcher sur la mer » ? ,A La jetee ,B La lancee ,C La rattrapee ,c
Capri est une ile italienne. Elle se situe dans une partie de la mer Mediterranee qui s-appelle : ,A la mer Adriatique ,B la mer de Marmara ,C la mer Tyrrhenienne ,a
Quelle ville europeenne compte le plus grand nombre d-habitants ? ,A Moscou ,B Londres ,C Paris ,b
Dans quelle ville se trouve le celebre pont appele « Tower Bridge » ? ,A Paris ,B Londres ,C Amsterdam ,c
monde ,,,,a
Quel est le nom anglais du Pere Noël ? ,A Santa Claus ,B Christmas Man ,C North Friend ,b
En ecosse un lac porte le nom de : ,A Lake ,B See ,C Loch ,c
Quelle ville anglaise n-a pas d-homonyme dans un autre pays ? ,A Londres ,B Cambridge ,C Douvres ,a
De quelle region d-Italie Florence est-elle la capitale ? ,A La Lombardie ,B Le Piemont ,C La Toscane ,b
Lequel des personnages suivants ne faisait pas partie des Rois mages ? ,A Jasper ,B Melchior ,C Balthazar ,c
Lequel de ces noms ne designe pas une ile grecque ? ,A Lanzarote ,B Samos ,C Corfou ,a
De quel ordre sont les chapiteaux du Parthenon sur l-Acropole d-Athenes ? ,A Dorique ,B Ionique ,C Corinthien ,b
Lors d-une corrida l-homme qui affronte le taureau dans l-arene s-appelle le : ,A sombrero ,B flamenco ,C matador ,c
Quel appareil ne fonctionne pas via une communication telephonique ? ,A Un modem ,B Un scanner ,C Un fax ,a
Au mois de novembre quelles fleurs decorent les tombes ? ,A Les lilas ,B Les chrysanthemes ,C Les narcisses ,b
Comment appelle-t-on encore un bateau de croisiere ? ,A Un paquebot ,B Un bateau-mouche ,C Une peniche ,c
La capitale de la Republique populaire de Chine est : ,A Pekin ,B Hongkong ,C Shangaï ,a
La Grande Barriere en Australie est le plus long recif corallien du monde. Elle a une longueur d-un peu plus de : ,A 2 000 km ,B 12 000 km ,C 25 000 km ,b
La Valette est la capitale de : ,A La Corse ,B La Crete ,C Malte ,c
Comment appelle-t-on le style de musique où l-on parle rapidement sur un rythme saccade ? ,A Le rap ,B Le fast ,C Le slow ,a
Comment appelle-t-on le carillon de la celebre tour du palais de Westminister a Londres ? ,A Big Ben ,B Big Greg ,C Big Dave ,b
monde ,,,,c
Combien de dents a une capsule de bouteille ? ,A 21 ,B 20 ,C 22 ,a
Combien y a-t-il de consonnes differentes dans notre alphabet ? ,A 21 ,B 20 ,C 19 ,b
Quelle region ne fait pas partie de l-Italie ? ,A L-Ombrie ,B L-Andalousie ,C La Toscane ,c
Dans quel etat des etats-Unis se trouve le Grand Canyon ? ,A En Arizona ,B En Californie ,C Au Nevada ,a
Lequel des personnages suivants ne faisait pas partie des Rois mages ? ,A Jasper ,B Melchior ,C Balthazar ,b
Lequel de ces noms ne designe pas une ile grecque ? ,A Lanzarote ,B Samos ,C Corfou ,c
De quel ordre sont les chapiteaux du Parthenon sur l-Acropole d-Athenes ? ,A Dorique ,B Ionique ,C Corinthien ,a
Lors d-une corrida l-homme qui affronte le taureau dans l-arene s-appelle le : ,A sombrero ,B flamenco ,C matador ,b
Quel appareil ne fonctionne pas via une communication telephonique ? ,A Un modem ,B Un scanner ,C Un fax ,c
Au mois de novembre quelles fleurs decorent les tombes ? ,A Les lilas ,B Les chrysanthemes ,C Les narcisses ,a
Comment appelle-t-on ce type de bateau ? ,A Une peniche ,B Un bateau-mouche ,C Un paquebot ,b
La capitale de la Republique populaire de Chine est : ,A Pekin ,B Hongkong ,C Shangaï ,c
La Grande Barriere en Australie est le plus long recif corallien du monde. Elle a une longueur d-un peu plus de : ,A 2 000 km ,B 12 000 km ,C 25 000 km ,a
La Valette est la capitale de : ,A La Corse ,B La Crete ,C Malte ,b
Comment appelle-t-on le style de musique où l-on parle rapidement sur un rythme saccade ? ,A Le rap ,B Le fast ,C Le slow ,c
Comment appelle-t-on le carillon de la celebre tour du palais de Westminister a Londres ? ,A Big Ben ,B Big Greg ,C Big Dave ANIMAUX ANIMAUX ANIMAUX ANIMAUX ANIMAUX ANIMAUX ,a
animaux,,,,b
Les poulets fermiers sont des poulets qui : ,A vivent dans un elevage ,B peuvent se promener en liberte ,C vivent dans une ville ,c
Quel oiseau est un symbole international de paix ? ,A La colombe ,B L-hirondelle ,C La cigogne ,a
L-elan est le plus grand cervide du monde. En dehors de la saison de reproduction il vit : ,A en solitaire ,B en couple avec les jeunes ,C en colonie ,b
Le crocodile reste parfois pres de la riviere immobile et la gueule grande ouverte. Pourquoi ? ,A Pour être prêt a attraper un animal qui passerait par la. ,B Pour inspirer beaucoup d-air avant d-aller sous l-eau. ,C Pour perdre de la chaleur. ,c
Le diodon est un poisson aux piquants aceres. Sous l-eau il a cette forme ronde : ,A en permanence ,B lorsqu-il se remplit d-eau ,C lorsqu-il remonte pres de la ,a
Quelle espece de rhinoceros n-existe pas ? ,A Le rhinoceros blanc ,B Le rhinoceros noir ,C Le rhinoceros brun ,b
Les poissons n-ont pas de poumons pour respirer. Avec quoi respirent-ils ? ,A Leurs branchies ,B Leurs ecailles ,C Leurs nageoires ,c
La libellule est un insecte que l-on rencontre surtout : ,A Au bord de l-eau ,B Dans la forêt ,C Dans la montagne ,a
Où vit le renard polaire ? ,A Au pôle Nord ,B Au pôle Sud ,C Au pôle Nord et au pôle ,b
Quel oiseau peut manger en volant ? ,A Le colibri ,B Le merle ,C L-hirondelle ,c
La mouette est un oiseau qui vit : ,A le long des côtes ,B dans les bois ,C sur de vastes plaines ,a
L-araignee utilise sa toile pour : ,A se reposer ,B capturer sa proie ,C se deplacer ,b
Où vit le manchot empereur ? ,A Au pôle Sud ,B Au pôle Nord ,C Au pôle Nord et au pôle ,c
L-etoile de mer possede en general 5 membres identiques qui sont des : ,A bras ,B queues ,C pattes ,a
Le tigre est un felin a robe rayee. Il : ,A Nage bien et grimpe bien ,B Nage mal mais grimpe bien ,C Nage bien mais grimpe mal ,b
Quel oiseau a donne son nom a un celebre poeme de Charles Baudelaire ? ,A L-albatros ,B Le heron ,C La cigogne ANIMAUX ANIMAUX ANIMAUX ANIMAUX ANIMAUX ANIMAUX ,c
animaux,,,,a
Les dauphins sont des… ,A mammiferes ,B amphibiens ,C poissons ,b
Les hyenes vivent en groupe dirige par : ,A Un mâle ,B Une femelle ,C Un mâle et une femelle ,c
Les grues sont de grands oiseaux echassiers qui : ,A chantent une chanson differente apres avoir nourri chaque jeune. ,B dansent de differentes manieres selon l-occasion. ,C changent de partenaire selon l-activite 104,a
 Les cornes d-une antilope sont : ,A rondes ,B en spirale ,C rayees ,b
Pourquoi met-on des fers aux chevaux ? ,A Pour proteger leurs sabots. ,B Pour proteger la rue. ,C Pour eviter qu-ils n-aient froid aux pattes 123,c
 Un elephant utilise ses oreilles pour entendre mais pour quoi d-autre encore ? ,A Pour se rafraichir. ,B Pour chasser les insectes. ,C Pour communiquer avec d-autres elephants 127,a
 La loutre vit dans un terrier pres de l-eau. L-entree de ce terrier se situe : ,A vers le haut ,B lateralement sur le côte de la berge ,C dans l-eau ,b
En cas de danger le herisson dresse ses piquants et : ,A se met en boule ,B se cache ,C reste immobile ,c
Le manchot empereur se reproduit : ,A en hiver ,B au printemps ,C en ete ,a
Le corail n-a pas : ,A de bouche ,B d-estomac ,C d-yeux ,b
Quelles guêpes ont un dard ? ,A Les femelles ,B Les mâles ,C Les femelles et les mâles ,c
En moyenne combien pese l-œuf d-une autruche ? ,A 15 kg ,B 1 kg ,C 2 kg ,a
Quels reptiles n-appartiennent pas au groupe des crocodiles ? ,A Les scinques ,B Les alligators ,C Les caïmans ,b
Combien d-especes animales differentes ont ete enregistrees par les scientifiques ? ,A 100 000 ,B 500 000 ,C 1 500 000 ,c
Certaines especes de chauves-souris se nourrissent de sang. On les appelle : ,A les vampires ,B les draculas ,C les tueuses ,a
L-anaconda est le plus grand serpent du monde avec une longueur d-environ : ,A 4 metres ,B 10 metres ,C 18 metres ANIMAUX ANIMAUX ANIMAUX ANIMAUX ANIMAUX ANIMAUX ,b
animaux,,,,c
Comment se fait-il qu-une araignee ne reste pas collee dans sa propre toile ? ,A Grâce a une substance « grasse » sur ses pattes. ,B Toute la toile n-est pas collante l-araignee sait où elle peut aller. ,C Elle est trop legere pour rester collee 169,a
 Certains oiseaux comme le colibri peuvent : ,A Voler sur place ,B Flotter ,C Surnager ,b
Quels moustiques peuvent nous empêcher de dormir la nuit ? ,A Uniquement les femelles ,B Uniquement les mâles ,C Tant les femelles que les ,c
Le pic est un oiseau que l-on rencontre : ,A partout en Europe ,B dans tous les endroits boises du monde ,C en Afrique et en Europe ,a
a la ferme l-oie sert parfois de : ,A reveil ,B couveuse pour les œufs de poules ,C chien de garde ,b
Quelles sont les deux especes d-elephants ? ,A africaine et europeenne ,B africaine et asiatique ,C africaine et australienne ,c
Quel animal nous donne le jambon ? ,A Le porc ,B La vache ,C Le cheval ,a
Les lamas que l-on peut repartir en 4 especes vivent en Amerique du Sud. Ils font partie de la famille des : ,A chameaux ,B chamois ,C moutons ,b
Les chauves-souris peuvent voler dans l-obscurite en se dirigeant par echolocation un systeme qui ressemble : ,A au sonar des bateaux ,B au systeme de communication utilise par les avions de chasse a reaction ,C au systeme d-atterrissage des ,c
202 Combien d-yeux une araignee possede-t-elle ? ,A 2 ,B 4 ,C 8 ,a
Combien de temps apres la naissance le bebe kangourou reste-t-il dans la poche de sa maman ? ,A Jusqu-a 3 mois ,B Jusqu-a 8 mois ,C Jusqu-a 1 an ,b
Les bosses des chameaux et des dromadaires contiennent : ,A de l-eau ,B des tissus graisseux ,C de la nourriture ,c
a quelle vitesse peut courir une autruche ? ,A 70 km/h ,B 15 km/h ,C 95 km/h ,a
La mouche a une bonne vue car elle possede : ,A des yeux a facettes ,B des yeux telescopiques ,C des yeux microscopiques ,b
La vipere est un serpent venimeux mais elle a elle-même des ennemis. Son plus grand ennemi est : ,A Le renard ,B Le blaireau ,C L-homme ,c
Le cou de la girafe est tres long. Combien de vertebres cervicales comporte-t-il ? ,A 2 ,B 7 ,C 25 ANIMAUX ANIMAUX ANIMAUX ANIMAUX ANIMAUX ANIMAUX ,a
animaux,,,,b
L-orang-outan est un singe. Son nom signifie : ,A singe des bois ,B homme des bois ,C homme-singe ,c
Le vautour se nourrit surtout : ,A d-animaux mourants ou morts ,B de souris et de lapins ,C d-insectes et de plantes ,a
Comment les serpents mangentils leur proie ? ,A Ils l-avalent sans la mâcher. ,B Ils la mâchent d-abord pour la broyer en morceaux. ,C Ils la ramollissent avec leur salive 239,b
 a quel âge les jeunes lions mâles sont-ils chasses du groupe ? ,A Vers 6 mois ,B Vers 1 an ,C Vers 2 a 3 ans ,c
Les fourmiliers possedent un long museau : ,A sans dent ,B muni de 4 incisives seulement ,C muni d-une soixantaine de petites 258,a
 Le saumon vit dans l-eau salee de la mer mais il rejoint l-eau douce d-une riviere pour : ,A s-accoupler et pondre ses œufs. ,B passer l-hiver. ,C mourir. ,b
Combien d-œufs par an peut pondre une poule ? ,A 250 a 300 œufs ,B 100 a 120 œufs ,C 365 œufs ,c
De quoi a besoin une vache pour donner du lait ? ,A D-un veau ,B De beaucoup d-herbe ,C De 30 litres d-eau par ,a
Quand le mâle mandrill ouvre-t-il toute grande sa gueule en montrant ses enormes canines ? ,A Quand il est fatigue ,B a l-approche d-une femelle ,C a l-approche d-un predateur ou d-un 280,b
 Les braconniers chassent le rhinoceros blanc pour ses cornes. Elles sont utilisees pour : ,A fabriquer des statuettes ,B fabriquer les medicaments ,C fabriquer des couverts ,c
Un gorille mâle tambourine sur sa poitrine : ,A pour communiquer avec les autres mâles ,B pour impressionner une femelle ,C pour faire peur a ses rivaux ,a
Ce rhinoceros a la peau sous forme de plaque et ne porte qu-une seule corne sur le nez. Cette espece est donc : ,A asiatique ,B africaine ,C africaine et asiatique ,b
Les hiboux ont de grands yeux fixes. Pour regarder sur le côte ils doivent tourner la tête a : ,A 90 degres ,B 180 degres ,C 360 degres ,c
Une souris albinos est blanche mais de quelle couleur sont ses yeux ? ,A Rouge ,B Blanc ,C Noir ,a
De combien de babouins se compose une colonie de babouins ? ,A Moins de 30 individus ,B De 30 a 100 individus ,C Plus de 100 individus ,b
Quand un cerf perd-il ses bois ? ,A Jamais ,B Plusieurs fois dans sa vie ,C Chaque annee au ,c
animaux,,,,a
On ne trouve les 3 especes de pecaris qu-en Amerique centrale et en Amerique du Sud et ils sont tous munis de petites defenses. Ces animaux sont proches des : ,A elephants ,B cochons ,C tapirs ,b
Quel insecte vit dans une ruche et produit du miel ? ,A Le bourdon ,B La guêpe ,C L-abeille ,c
Quelle espece de tigre est la plus menacee d-extinction ? ,A Le tigre du Bengale ,B Le tigre de Siberie ,C Le tigre du Bali ,a
Lorsqu-une abeille veut indiquer a une autre abeille un endroit où elle a trouve de la nourriture elle : ,A bourdonne ,B vole en cercle autour de l-endroit en question ,C execute une danse en forme de 8 ,b
Le zebre est un animal : ,A domestique depuis des milliers d-annees ,B domestique depuis le debut du siecle dans certains pays ,C qui ne s-est jamais laisse ,c
Pour quelle raison les tortues vertes sortent-elles de l-eau pour rejoindre des plages isolees ? ,A Pour y pondre des œufs ,B Pour trouver de la nourriture ,C Pour retrouver leurs ,a
La longueur des bois d-un elan mâle peut atteindre : ,A 1 metre ,B 2 metres ,C 3 metres ,b
Le kangourou rouge geant est le plus grand kangourou de la famille des marsupiaux. Il peut effectuer des sauts de : ,A 12 metres ,B 6 metres ,C 3 metres ,c
Quelle est la taille du girafon a sa naissance ? ,A 50 cm ,B 1 m ,C 2 m ,a
Le loup des prairies americain s-appelle aussi : ,A le coyote ,B le fennec ,C le coati ,b
a quel groupe appartient la chauve-souris ? ,A Les mammiferes ,B Les oiseaux ,C Les invertebres ,c
Lorsque le heron vole son cou : ,A est replie le long du corps ,B est courbe en S ,C est courbe vers le bas la tête dirigee vers le 395,a
 Le guepard est le plus rapide des animaux terrestres. Il peut atteindre a la course : ,A 60 km/h ,B 110 km/h ,C 150 km/h ,b
La baleine bleue met au monde le plus gros bebe animal. a la naissance celui-ci mesure deja : ,A 7 metres ,B 10 metres ,C 13 metres ,c
Dans une meute de loups qui est le chef ? ,A La femelle la plus âgee ,B Le mâle le plus âge ,C Le mâle le plus fort et le plus 406,a
 Apres avoir mange sa proie le hibou expulse une petite masse d-aliments. Ce bol alimentaire : ,A contient des restes non digeres (petits os poils…) ,B sera conserve comme reserve pour l-hiver ,C est tout de suite avale a nouveau pour être ANIMA,b
animaux,,,,c
Un chameau peut vivre dans le desert plusieurs jours sans eau. Combien de litres peut-il boire en une fois pour remplir completement sa reserve d-eau ? ,A 12 litres ,B 62 litres ,C 180 litres ,a
a combien d-œufs de poule equivaut un œuf d-autruche ? ,A 5 œufs ,B 10 œufs ,C 25 œufs ,b
Le renard est bien connu pour : ,A sa ruse ,B son caractere affectueux ,C sa paresse ,c
Lorsque les canards sauvages volent en groupes ils volent : ,A en forme de V ,B de maniere desordonnee ,C l-un derriere l-autre en ligne 428,a
 Combien de mots peut apprendre un chimpanze ? ,A 10 mots ,B 100 mots ,C 300 mots ,b
L-hyene se nourrit : ,A de plantes ,B de petits et grands mammiferes ,C d-oiseaux et de plantes ,c
Où vit l-ours polaire ? ,A Au pôle Nord ,B Au pôle Sud ,C Aux 2 pôles ,a
Quel est le nom du renne en Amerique du Nord ? ,A Le caribou ,B Le wapiti ,C La gazelle ,b
Les kangourous vivent encore a l-etat sauvage : ,A en Australie ,B en Afrique ,C au Mexique ,c
Combien de tigres reste-t-il sur notre planete ? ,A Entre 500 et 1 000 ,B Entre 5 000 et 7 500 ,C Entre 10 000 et 20 000 ,a
Une loutre peut facilement être dressee et servir d-aide pour : ,A la pêche ,B aller a la cueillette des champignons ,C vider un nid de guêpes ,b
La duree de vie d-un crapaud peut atteindre environ : ,A 13 mois ,B 3 ans ,C 36 ans ,c
Laquelle de ces affirmations concernant l-orque est fausse ? ,A Il est aussi appele epaulard. ,B Il fait partie de la famille des dauphins. ,C Il fait partie de la famille des requins 486,a
 Où se trouve l-aiguillon du scorpion qui secrete le venin ? ,A Au bout de sa langue ,B Sur sa tête ,C Au bout de sa queue ,b
En quoi les yeux du cameleon sont-ils particuliers ? ,A Ils peuvent bouger independamment l-un de l-autre. ,B Ils sont capables de voir en couleur. ,C Ils peuvent voir a une distance de plus de 200 m 496,c
 Quel type d-animal est le dauphin ? ,A Un cetace ,B Un marsouin ,C Une raie ANIMAUX ANIMAUX ANIMAUX ANIMAUX ANIMAUX ANIMAUX ,a
animaux,,,,b
Il existe deux especes de bisons : ,A l-europeenne et l-africaine ,B l-europeenne et l-americaine ,C l-africaine et l-americaine ,c
a combien d-œufs de poule equivaut un œuf d-autruche ? ,A 5 œufs ,B 10 œufs ,C 25 œufs ,a
Le renard est bien connu pour : ,A sa ruse ,B son caractere affectueux ,C sa paresse ,b
Lorsque les canards sauvages volent en groupes ils volent : ,A en forme de V ,B de maniere desordonnee ,C l-un derriere l-autre en ligne ,c
Combien de mots peut apprendre un chimpanze ? ,A 10 mots ,B 100 mots ,C 300 mots ,a
L-hyene se nourrit : ,A de plantes ,B de petits et grands mammiferes ,C d-oiseaux et de plantes ,b
Où vit l-ours polaire ? ,A Au pôle Nord ,B Au pôle Sud ,C Aux 2 pôles ,c
Quel est le nom du renne en Amerique du Nord ? ,A Le caribou ,B Le wapiti ,C La gazelle ,a
Les kangourous vivent encore a l-etat sauvage : ,A en Australie ,B en Afrique ,C au Mexique ,b
Combien de tigres reste-t-il sur notre planete ? ,A Entre 500 et 1 000 ,B Entre 5 000 et 7 500 ,C Entre 10 000 et 20 000 ,c
Une loutre peut facilement être dressee et servir d-aide pour : ,A la pêche ,B aller a la cueillette des champignons ,C vider un nid de guêpes ,a
La duree de vie d-un crapaud peut atteindre environ : ,A 13 mois ,B 3 ans ,C 36 ans ,b
Laquelle de ces affirmations concernant l-orque est fausse ? ,A Il est aussi appele epaulard. ,B Il fait partie de la famille des dauphins. ,C Il fait partie de la famille des requins ,c
 Où se trouve l-aiguillon du scorpion qui secrete le venin ? ,A Au bout de sa langue ,B Sur sa tête ,C Au bout de sa queue ,a
En quoi les yeux du cameleon sont-ils particuliers ? ,A Ils peuvent bouger independamment d-un de l-autre. ,B Ils sont capables de voir en couleur. ,C Ils peuvent voir a une distance de plus de 200 m ,b
Quel type d-animal est le dauphin ? ,A Un cetace ,B Un marsouin ,C Une raie SPORTS SPORTS SPORTS SPORTS SPORTS SPORTS ,c
sports,,,,a
Quelle discipline d-athletisme n-est jamais courue aux Jeux olympiques ? ,A Les 100 metres haies ,B Les 110 metres haies ,C Le sprint sur 100 metres ,b
Combien pese le poids lance par les femmes dans le lancer du poids ? ,A 3 kg ,B 2 kg ,C 4 kg ,c
D-où la marque de sport « Nike » tire-t-elle son nom ? ,A D-une deesse grecque ,B Du premier patron qui s-appelait Alfred Nike ,C De Steve Nike qui fut le premier americain a gagner le 100 ,a
Un derby c-est une course de 2 400 m destinee aux chevaux de 3 ans. C-est aussi une competition : ,A opposant 2 equipes de la même ville ou de la même region ,B entre des debutants d-une même discipline sportive ,C opposant des equipes mixtes (hommes et femmes ,b
Dans les Alpes suisses on utilise une echelle specifique pour indiquer le niveau de difficulte du parcours pour : ,A Le ski ,B Les promenades en montagne ,C L-alpinisme ,c
Combien de joueurs y a-t-il sur le terrain durant un match de volley ? ,A 12 ,B 8 ,C 6 ,a
Un boxeur est declare K.O. apres : ,A 5 secondes ,B 10 secondes ,C 15 secondes ,b
De quel sport « la course contre la montre » fait-il partie ? ,A Le cyclisme ,B La formule 1 ,C L-equitation ,c
Que lance-t-on avec une raquette de badminton ? ,A Un volant ,B Une balle ,C Une flechette ,a
Où les boxeurs ne peuventils pas frapper ? ,A Sous la ceinture ,B Sur le visage ,C Sur le thorax ,b
Le biathlon se compose de 2 disciplines : ,A Trampoline et tir a la carabine ,B Ski de fond et trampoline ,C Ski de fond et tir a la carabine ,c
Comment appelle-t-on le sport consistant a se maintenir en equilibre sur une planche munie d-une grande voile poussee par le vent ? ,A La planche a voile ,B La voile ,C Le surf ,a
En ce qui concerne les femmes le poids minimal utilise pour le lancer de poids est de : ,A 1 kg ,B 25 kg ,C 4 kg ,b
Le jeu de flechettes serait a l-origine un passe-temps des tireurs a l-arc. Ils : ,A tiraient leurs fleches sur des chapeaux suspendus. ,B lançaient les pointes des fleches cassees sur des pommes. ,C detachaient les pointes de leurs fleches pour les lancer sur le d-un fût. ,c
Quel sport ne fait pas partie du triathlon ? ,A La lutte ,B La natation ,C Le cyclisme ,a
Parmi ces jeux de billard lequel n-existe pas ? ,A Le billard carambole ,B Le billard americain ,C Le billard kick SPORTS SPORTS SPORTS SPORTS SPORTS SPORTS ,b
sports,,,,c
Parmi les distances suivantes laquelle ne fait pas partie des competitions de course ? ,A 400 metres ,B 600 metres ,C 800 metres ,a
Aux etats-Unis le football americain est un sport tres populaire joue sur du gazon naturel ou synthetique. Ce terrain est aussi parfois appele : ,A Un grill ,B Un four ,C Un jardin ,b
Lorsqu-on saute d-un avion avec un parachute a quelle vitesse descend-on ? ,A 3 km/h ,B 8 km/h ,C 15 km/h ,c
Au football en quoi consistait le systeme de prolongations appele « mort subite » ? Cela signifie que le match est termine apres : ,A 1 but ,B 1 quart d-heure ,C avoir tire 5 penaltys ,a
Lors de six jours de competition de cyclisme sur piste les equipes sont composees de : ,A 2 coureurs ,B 5 coureurs ,C 10 coureurs ,b
Au hockey les matchs sont diriges par : ,A 1 arbitre ,B 2 arbitres ,C 3 arbitres ,c
Les premiers jeux Olympiques modernes ont eu lieu en 1896 a : ,A Paris ,B Athenes ,C Londres ,a
Pour jouer au snooker il faut 22 boules : 15 rouges 1 noire 1 blanche 1 jaune 1 rose 1 verte 1 brune et 1 bleue. La boule que l-on doit toucher a chaque fois est : ,A la blanche ,B la noire ,C la jaune ,b
Lors des courses hippiques la personne qui s-occupe de prendre les paris est un : ,A bookmaker ,B jockey ,C ecuyer ,c
En cyclisme le Giro designe : ,A Le Tour d-Espagne ,B Le Tour de Suisse ,C Le Tour d-Italie ,a
Quel element ne se trouve pas sur une planche a voile ? ,A Un gouvernail ,B Un aileron ,C Une derive ,b
Au basket-ball le maximum de points que l-on peut obtenir en un seul lancer est de : ,A 1 point ,B 3 points ,C 5 points ,c
Le kayak est inspire de l-embarcation de quel peuple ? ,A Des Esquimaux ,B Des Papous ,C Des Massaïs ,a
Lors des courses de levriers les chiens courent apres : ,A une balle ,B un leurre commande a distance ,C un bâton ,b
Le sport qui consiste a descendre dans les grottes afin de les explorer s-appelle : ,A la geologie ,B l-archeologie ,C la speleologie ,c
Pour faire du ski de fond on utilise des skis : ,A aussi longs qu-au ski alpin ,B plus courts qu-au ski alpin ,C plus longs qu-au ski alpin SPORTS SPORTS SPORTS SPORTS SPORTS SPORTS ,a
sports,,,,b
a quoi sert le gilet du plongeur ? ,A a descendre et a monter dans l-eau ,B a se proteger contre les requins ,C a garder le corps au chaud ,c
Au cours d-un slalom le skieur doit franchir toutes les portes. S-il en rate une il : ,A est penalise ,B est disqualifie ,C doit recommencer ,a
Parmi les competitions suivantes laquelle n-est pas un grand tournoi de tennis ? ,A Roland-Garros ,B La Ryder Cup ,C Flushing Meadow ,b
Comment s-appelle la version anglaise des « flechettes » ? ,A Les darts ,B Les picks ,C Les burds ,c
Les jeux Olympiques d-hiver sont organises tous les 4 ans. Ils ont lieu : ,A la même annee que les jeux d-ete ,B 1 an apres les jeux d-ete ,C 2 ans apres les jeux d-ete ,a
D-où le surf est-il originaire ? ,A D-Australie ,B De Polynesie ,C De Madagascar ,b
Le handball est apparu vers la fin du XIXeme siecle en : ,A Allemagne ,B France ,C Grande-Bretagne ,c
Comment appelle-t-on le sport de lutte japonais où un colosse doit mettre l-autre sur les genoux ou le pousser en dehors de la zone reglementaire ? ,A Le sumo ,B Le simo ,C Le samo ,a
De quelle couleur est la carte qu-un arbitre montre lorsqu-il veut faire sortir un joueur du terrain ? ,A Rouge ,B Jaune ,C Vert ,b
De quelle couleur sont les pois sur le maillot du meilleur grimpeur dans le Tour de France ? ,A Rouge ,B Vert ,C Jaune ,c
Dans une competition d-athletisme quand on saute 6 m et 60 mm en longueur combien de cm cela fait-il ? ,A 606 cm ,B 660 cm ,C 66 cm ,a
En tennis de table le gagnant est celui qui atteint en premier le score de : ,A 21 points ,B 40 points ,C 45 points ,b
Quand on fait de l-aviron avec une seule rame on parle : ,A d-aviron de pointe ,B de skiff ,C de tacle ,c
Combien de quilles y a-t-il sur la piste de bowling ? ,A 10 ,B 9 ,C 11 ,a
Comment s-appelle le disque en caoutchouc noir avec lequel on joue au hockey sur glace ? ,A Le palet ,B Le pulet ,C Le polet ,b
Quelle couleur a la ceinture d-un debutant au judo ? ,A Blanc ,B Jaune ,C Noir SPORTS SPORTS SPORTS SPORTS SPORTS SPORTS ,c
Au jeu de flechettes le plus grand score que l-on peut atteindre en un coup est de : ,A 60 points ,B 80 points ,C 100 points ,a
Sur les 22 boules d-un jeu de snooker 15 boules ont la même couleur. Quelle est cette couleur ? ,A Rouge ,B Bleu ,C Vert ,b
Combien de points doit avoir au minimum une equipe pour gagner un set au volley-ball ? ,A 25 ,B 20 ,C 15 ,c
Quel est le nom d-un velo pour deux personnes ? ,A Un tandem ,B Un veloduo ,C Un duodem ,a
Au water-polo 2 equipes de 7 joueurs s-opposent. Pour marquer un but il faut envoyer le ballon : ,A avec les deux mains ,B avec n-importe quelle partie du corps ,C avec le poing ,b
D-où le surf est-il originaire ? ,A D-Australie ,B De Polynesie ,C De Madagascar ,c
Le handball est apparu vers la fin du XIXeme siecle en : ,A Allemagne ,B France ,C Grande-Bretagne ,a
Comment appelle-t-on le sport de lutte japonais où un colosse doit mettre l-autre sur les genoux ou le pousser en dehors de la zone reglementaire ? ,A Le sumo ,B Le simo ,C Le samo ,b
De quelle couleur est la carte qu-un arbitre montre lorsqu-il veut faire sortir un joueur du terrain ? ,A Rouge ,B Jaune ,C Vert ,c
De quelle couleur sont les pois sur le maillot du meilleur grimpeur dans le Tour de France ? ,A Rouge ,B Vert ,C Jaune ,a
Dans une competition d-athletisme quand on saute 6 m et 60 mm en longueur combien de cm cela fait-il ? ,A 606 cm ,B 660 cm ,C 66 cm ,b
En tennis de table le gagnant est celui qui atteint en premier le score de : ,A 21 points ,B 40 points ,C 45 points ,c
Quand on fait de l-aviron avec une seule rame on parle : ,A d-aviron de pointe ,B de skiff ,C de tacle ,a
Combien de quilles y a-t-il sur la piste de bowling ? ,A 10 ,B 9 ,C 11 ,b
Comment s-appelle le disque en caoutchouc noir avec lequel on joue au hockey sur glace ? ,A Le palet ,B Le pulet ,C Le polet ,c
Quelle couleur a la ceinture d-un debutant au judo ? ,A Blanc ,B Jaune ,C Noir,a